ID,Lat,Lon,Target
ID_SJ098E7S2SY9,34.16249093,70.76366828,0
ID_CWCD60FGJJYY,32.075695,48.492047,0
ID_R1XF70RMVGL3,14.542826,33.313483,1
ID_0ZBIDY0PEBVO,14.35948,33.284108,1
ID_C20R2C0AYIT0,14.419128,33.52845,0
ID_MMU0PFMDQ7FW,14.204341,33.340792,0
ID_FA7TDFAUVU2A,14.442394,33.292732,1
ID_I5DS1NLN2WM8,34.25143465,70.35956155,1
ID_5QV3RGD8E6L6,32.309077,48.324152,1
ID_JBRO8Z453K1J,34.26577617,70.34610331,1
ID_OGEL0LA7Y94S,32.294165,48.17602,0
ID_O4CHBAKY74WZ,32.379146,48.215546,1
ID_GYHRWRLEY9W3,34.2926256,70.34585617,0
ID_LLW4ZVLCTH7Y,34.30324556,70.3669421,0
ID_7VVCEG83E9SF,32.110459,48.207102,0
ID_67DBK0EXDU6W,14.399994,33.492967,1
ID_OVT4MUGA4Z22,34.11910992,70.75303683,0
ID_Z8Q7G6Y40XAW,34.08759212,70.69004889,1
ID_DXWZP0E8FG9E,14.258599,33.425234,0
ID_MRFDJA9ISXG4,14.303156,33.36882,1
ID_TMPFO6LITM9U,34.290535,70.42178679,1
ID_IECISSYAN80G,14.439071,33.301266,0
ID_QIVKUVMV37NW,14.251952,33.206045,1
ID_A14I5NDAO8F7,34.29785995,70.37267792,0
ID_Z79AVIRGE3E1,34.06032782,70.67200584,0
ID_5YMARFPBSTDF,14.290849,33.316807,1
ID_XJAAMVGW5WRD,34.29816388,70.3838412,1
ID_QPA2ZDG5PY1Q,34.28828518,70.34004569,0
ID_6D13XY27TWND,34.05544997,70.66789003,0
ID_NBUO51LOXDEH,32.303507,48.25588,1
ID_S4FZH0QBZOPN,32.310065,48.291633,0
ID_225U8617WSMV,34.28343731,70.41526401,1
ID_D055INURBWBL,14.159335,33.200565,0
ID_KSCSPRYSEH64,14.408438,33.32588,0
ID_0VNXL2Q6J4DC,14.227158,33.482636,1
ID_3I9MVT5RFLMD,34.26070679,70.32226743,0
ID_FAXB9O0ADKUU,14.194819,33.38445,0
ID_RJD8BACKOCFA,32.085846,48.238992,0
ID_FFUA5GRFDY62,14.284022,33.262998,1
ID_S9PPVUBPVU3G,14.360468,33.157536,0
ID_ZS04D4TH0VOK,34.29350273,70.39832917,1
ID_WCVQ3NFKNRJ2,32.455143,48.364486,0
ID_PDPOUEXBHPY8,14.323278,33.257249,0
ID_XFF0KHBYXV6S,32.280331,48.393053,1
ID_3DRUZOA3UAGE,32.213676,48.393412,1
ID_DAOBPJI382OT,32.292997,48.452791,1
ID_L2U7DUSPD3J0,14.449581,33.143073,0
ID_3PR0OWONVC1U,32.125102,48.22381,0
ID_7RT6AGC8VZMB,32.325875,48.283369,1
ID_VEJVIZMW7UKA,34.09326866,70.66235889,1
ID_TZ41S7PT1ZYC,32.133277,48.326667,1
ID_J731FLUQT2A5,14.427572,33.202541,1
ID_0SF4RCN504DQ,34.24440986,70.31629921,0
ID_453BYQRUDLDH,34.25022234,70.33514029,1
ID_5TSI3J199GYJ,34.26373295,70.34816968,1
ID_78PK6N1TP36H,32.302968,48.248873,1
ID_HRZAVE6WD5V9,14.459912,33.229671,1
ID_9UBU78S4KY2A,34.25899866,70.33512191,0
ID_PDHX6WPOVWRB,32.292368,48.258036,1
ID_BZX6I8Y6G1T9,34.09144959,70.7531659,0
ID_Q1IW96RP307O,34.30222921,70.40841074,1
ID_TVUFHH090MVE,14.369631,33.277551,1
ID_ZPO98G9T796H,32.150165,48.297831,1
ID_6JY5PGVW90D9,14.30603,33.22985,1
ID_3Q700UD8YAPM,14.206138,33.384899,0
ID_0W9340EJVHD2,32.37124,48.348946,1
ID_VEQSIZ7OH0UQ,34.05803047,70.67193146,1
ID_AKMOKH9K8ZIW,14.483268,33.263896,1
ID_L0RJI5FIQEQ8,14.529621,33.48039,0
ID_B3ORMFDAYD1U,32.102285,48.429524,0
ID_LDCQIN7Q7D3A,32.404298,48.276362,1
ID_TGFJKT66QTS5,14.197963,33.263447,1
ID_GXCBEEGED0L5,32.061591,48.198298,0
ID_9DCL29DYP54J,32.124833,48.310228,1
ID_W51I0PT12GTA,34.2724922,70.34944908,1
ID_MICXEFLUWVJ9,34.16855323,70.77184251,1
ID_YNDJOQF1N0VW,32.415078,48.162904,0
ID_81HMDUBS3XH7,32.323091,48.275374,1
ID_AD3YDZL1XCH5,32.235415,48.55439,1
ID_07TOMJZX2GTF,34.08938649,70.6624717,0
ID_RNBJNOSWS1OF,14.186554,33.23515,0
ID_845YHZ9HALK5,14.502851,33.323814,1
ID_D7LUTUIQZ7FS,32.249249,48.334752,0
ID_7JQ221APF44L,14.460181,33.126903,0
ID_SUNMRBSEIX7H,14.306749,33.329653,1
ID_GT3TWM2QR2I7,32.381841,48.305018,1
ID_JFOA025TW7YZ,32.261107,48.177367,0
ID_BRUG2R3A8KMO,14.560792,33.502848,0
ID_NZFWCYVAX8W1,14.170834,33.396398,0
ID_TDXUMBV0TZKA,32.33405,48.142513,1
ID_8JS6LDZP3LI7,14.362534,33.257518,1
ID_4EBOFVEUNT0P,14.395772,33.535098,0
ID_IKBRZSO6S1P2,32.137499,48.403383,0
ID_B9AM66XND0FN,34.25080661,70.30936596,0
ID_O5DBOSUYXZ8O,14.299562,33.358669,1
ID_5FK4299SPHIA,14.463235,33.190145,1
ID_GDW55JLGOSR8,34.25062489,70.32877306,0
ID_NQVMMMQWSTT2,34.05752673,70.66577259,1
ID_W5HP021GO32T,34.29005486,70.39170132,0
ID_TGWAMP5RB1MT,32.125372,48.41587,0
ID_LX1ZKV3VGH7F,14.19437,33.226976,1
ID_SKDDFFIYZEHC,14.466649,33.213411,1
ID_QD617Y8O0EYH,14.418948,33.175951,1
ID_I786J48HNOGL,32.235954,48.439226,1
ID_0DAEEQV9I7ED,14.194459,33.379779,0
ID_14WCNGIHOYTP,32.2382,48.51199,1
ID_7RLPAEJ707V4,34.08490793,70.69804161,0
ID_CU4UVAFIWB90,32.369264,48.259114,1
ID_MN34V10JQVS1,34.07579714,70.70378069,1
ID_DW7QE3RP9GME,34.11242887,70.70178663,1
ID_IDI3XZ7DNXUJ,32.331535,48.29343,1
ID_HDJ154PTN4WK,32.338452,48.387573,1
ID_T1LQL39UVG4H,34.304373,70.40820406,1
ID_0IIXJN8964FD,14.317169,33.53923,0
ID_4A0H85CHI8A8,14.452995,33.233803,1
ID_O0U9FOUS24UB,14.367385,33.210806,1
ID_SC49W6WL7ZU3,14.279889,33.331809,1
ID_EWO6Z57QRZGL,14.29022,33.481199,1
ID_VX1IWA5TYFM0,34.16602375,70.76606068,0
ID_FPN17DMBCL95,34.16641546,70.76472294,0
ID_SP6FBJI7EA3K,14.423889,33.244044,1
ID_5S0CZORFPT6R,34.31244128,70.39498042,1
ID_1KDYP3YGV9JA,14.405923,33.533032,0
ID_398VW7G6ZW53,34.28878906,70.39314721,0
ID_2EJ4VD5HV22D,32.119802,48.21851,0
ID_V1UDNFVJXSL5,14.42326,33.200565,1
ID_704WWMJ429SL,14.210539,33.178646,1
ID_3ABTBF5KNVHU,14.195178,33.42748,0
ID_N6N5ABKXPJFV,34.15840381,70.75647051,0
ID_O9RJHJWSIANE,14.303964,33.409513,0
ID_451B8S6TAH0D,32.419031,48.140177,0
ID_5GS054Q9NS64,14.314025,33.53914,0
ID_UOVFL1H4J6TD,14.406372,33.543811,0
ID_30L3J73G19IL,14.357324,33.378971,1
ID_UW0K47YIMDHZ,14.478058,33.565281,0
ID_ABBZKATSYRUH,34.07723128,70.6852708,1
ID_64BOOGYVMIS9,14.3699,33.300368,1
ID_T2U7QHZU192N,32.207927,48.409492,1
ID_OFGG0CNP892R,34.11786562,70.69319607,0
ID_UFOMZYH7ILXR,32.390195,48.528609,1
ID_53TVVFAU0ZXO,14.283662,33.325161,1
ID_0S9K3QB1P4T0,14.355438,33.233533,1
ID_07HVB7TS229V,14.395682,33.258956,1
ID_X74AO7WWAQTL,14.164186,33.367742,0
ID_POQN1QKYTQOG,32.331984,48.305198,0
ID_TGZ33NWZ2JHV,34.26774716,70.3570029,1
ID_5GJC7MQTZ1KT,34.28030475,70.34815082,1
ID_WO0LYKZK5Y7O,14.489826,33.483445,0
ID_JYGY5MDK8EG0,32.257154,48.338974,0
ID_9K65GHO70ORZ,14.199221,33.364328,0
ID_DL4IBT6O05JW,34.26129209,70.36203125,0
ID_KQ02QVG2WMZ2,34.29308345,70.41548415,0
ID_TF3SJFKQH7I6,34.28322704,70.41091444,1
ID_ITXKKEUFF85L,32.089888,48.236117,0
ID_WEV30JNH2RPI,34.26382795,70.3276102,0
ID_7GRZNHKE7IJF,34.07858233,70.70216658,0
ID_9J1O2CG9YU32,34.27253068,70.32864003,0
ID_G6NENAHYI1D2,34.29075962,70.42782673,0
ID_M7QOIJBSQAER,14.428021,33.25123,1
ID_S2MASZLR8RS5,32.133636,48.310228,1
ID_HZ0UTM7COSBB,14.454971,33.218981,1
ID_B5SBXZ20SWWL,14.331812,33.248445,0
ID_3XCV29T2MLNE,14.425147,33.199397,1
ID_FS029OWRM6B0,32.229127,48.416499,1
ID_ON1DPH4SL9FL,32.421905,48.175032,0
ID_NIWO5ZGAYT6Q,14.174786,33.464041,1
ID_I6E6RM3Q4OB0,14.521177,33.433049,1
ID_T4D44YZII61T,34.24684026,70.31050314,1
ID_IC1DM6OS6JFG,34.25326185,70.32533508,0
ID_JEUVGTQS8J6U,32.330906,48.253724,1
ID_32XPDMBKKJPM,32.33971,48.157515,0
ID_5VD45GGRCXJZ,34.26847576,70.33555096,0
ID_PSLYAOLR8MAN,14.465841,33.564023,1
ID_TBAKSBLY0U9B,14.276026,33.340433,1
ID_1NHR4UWKB6TM,32.300723,48.38389,1
ID_W1YK95LFF7LP,32.250866,48.556187,1
ID_EHTAULQR4JR2,32.426577,48.322086,0
ID_N10P79A0WR7U,32.207298,48.34643,1
ID_S0RP6ANVY5AB,32.367378,48.259563,1
ID_EGH9P0R5EWKR,32.192566,48.272768,0
ID_WDO4SC010QY2,14.343849,33.207123,1
ID_5MHKGMVMOFB7,14.358941,33.272251,0
ID_FHBAM28YTGLH,14.558726,33.503926,0
ID_U8IMWS8GDA3G,14.466829,33.3045,1
ID_KSSDKA0UKVP1,32.422894,48.336549,0
ID_NQ7VNQ3DGNJI,32.474277,48.24007,0
ID_XQN47BKKO2YE,34.26518758,70.35299978,1
ID_7788J3GHLWJL,14.351126,33.27234,1
ID_9MATU2UE9AMH,14.254826,33.244133,1
ID_25W0EV8R380G,14.221589,33.255991,1
ID_LKPZYAML4AP9,14.329117,33.557645,0
ID_NL6IIXODK3JA,32.261915,48.406438,1
ID_55M997RTD8GD,32.38759,48.496179,1
ID_B1TVXPQ587U0,34.28920775,70.41851151,0
ID_01RYTK0DUR6S,34.10733529,70.70506958,0
ID_AX0WROGON0PP,32.234427,48.276991,1
ID_TDO0P642C9A8,34.27004727,70.34003981,1
ID_ERVODRIN6NQJ,14.119091,33.237935,0
ID_SQC83HRXG6ID,32.077761,48.225337,0
ID_JW3C3SLIFPU9,14.529262,33.449309,0
ID_BBM351E97EST,34.30016428,70.37195706,0
ID_KJCLG3OLWC2R,14.272343,33.338816,1
ID_6Q6523CE0MD1,32.438794,48.43177,1
ID_HE3IUU07DVS0,14.399904,33.360465,1
ID_Y65RF4QM80HW,14.27962,33.396218,0
ID_E3NOIAMZ0WGN,32.431967,48.162276,0
ID_5P8O5BKZKGMN,32.291829,48.384609,1
ID_BPTB9F2DMAFP,32.213317,48.409941,1
ID_G1L2I2I8Y7J4,34.1116378,70.70235279,1
ID_VN1ODJXT7KOL,32.161753,48.307713,1
ID_Z8F6JOOVRAGG,32.169569,48.289836,1
ID_I8MQ59FSAQ8H,34.09045368,70.66662666,0
ID_VT71847SW1WL,34.27137775,70.33419989,1
ID_YCXG96HJT9JI,32.229217,48.417307,1
ID_GZ7S8QWADIIN,32.239637,48.417218,1
ID_LJHBB5HAV7EU,32.089798,48.499234,0
ID_YHNFKUGEITAM,14.458295,33.407717,0
ID_ISLFQ0IHKHTJ,34.15911516,70.76631324,1
ID_XYG23TIQD5OS,34.11698945,70.6838472,1
ID_V6QO3W80998J,32.314108,48.228392,1
ID_0D98OU4IVO4X,34.30766227,70.38500858,1
ID_N06DUIS76U2C,14.406731,33.220777,0
ID_L1COTIFNKGF0,14.149364,33.243325,0
ID_6XGVCOPKFU0R,14.426674,33.335672,1
ID_YHQON2FO5BSN,14.322919,33.265334,0
ID_W0HFHTJDPRZP,34.30467031,70.39275112,0
ID_I42JM7DIQEM8,32.132917,48.411019,0
ID_GFK9EGO571QV,32.212867,48.365744,0
ID_187O7YN1Z2TE,32.09411,48.57074,0
ID_WELWG8GTSEXW,34.29039045,70.36890816,1
ID_5GVJND93L30M,34.09013992,70.75635172,0
ID_8L8W2UENQ7Z6,14.242519,33.283569,1
ID_IAYXQCQ2KB80,32.056471,48.376793,0
ID_VI44MP0F1S7V,34.09043276,70.75208022,0
ID_VV3H38E5YD4K,14.150083,33.361453,0
ID_TKTSRD4YFSXN,34.11128591,70.69763152,0
ID_6KWK81655YE8,34.12032226,70.70958021,0
ID_7XMG5MMFKM44,34.15540655,70.75971684,1
ID_755PHV7RO4EB,14.385441,33.265962,1
ID_HSTFGR1X3YMP,34.29518383,70.38350365,1
ID_EE7IU5WEI3J7,32.460353,48.183835,0
ID_27SANU941YP6,34.28642155,70.41457491,1
ID_6ASTT5H331SJ,32.298836,48.204317,1
ID_N9I1486UASHS,34.12727804,70.71458939,0
ID_367HFP0MHPFC,32.365312,48.243214,1
ID_ZC2QTWX8F9DN,32.407982,48.137302,0
ID_QICZPO0OGBWE,34.31293136,70.38651572,1
ID_7GN3UKXDT6O2,34.2577691,70.32481085,1
ID_PW9RZUON3QMR,32.310514,48.216085,1
ID_F3ACZQ5E711S,34.28748412,70.35424273,0
ID_FD2BHLXYXV7B,32.311952,48.290106,0
ID_F1HEH3BL1ECS,14.480483,33.24063,0
ID_19UP7EHYCG58,34.28836427,70.41676839,1
ID_SBVTWKA8I0T6,14.292555,33.574174,0
ID_Z7DS6QO0U74K,32.213317,48.43743,1
ID_YP5M1J53UR8F,34.24195752,70.30982252,0
ID_XO7YE35BU495,34.29036114,70.41090174,1
ID_DCPG8M562NPX,14.463056,33.127083,0
ID_5S4U177HD7DI,34.27900684,70.33333182,1
ID_17PE7O6U1ZBY,14.13014,33.440505,1
ID_SJN7ZHER1Z55,32.458287,48.194795,0
ID_UGMNU9BYO801,32.098961,48.550348,0
ID_4JA9RS17TQPI,14.421643,33.500153,0
ID_BJ6JYW1OBAPJ,32.252663,48.419014,1
ID_0T8OMPKODB9H,32.094469,48.237734,0
ID_UJ3685FO4X0Y,32.213227,48.393592,1
ID_AA12BIE43Z96,34.26907693,70.34431123,1
ID_S9SQBNJCNZ2O,14.186914,33.18754,0
ID_IQ6JT7L37LU8,34.28437323,70.33002421,0
ID_27I5XPO4NVZA,14.181524,33.340882,1
ID_KK80ZWM3X41Y,34.29495048,70.39461039,1
ID_YTTBDEUD2QAD,34.29718559,70.42630539,0
ID_QCPFXXFXSEZE,14.282045,33.34717,1
ID_B587X25ZZ4VB,34.29178308,70.4150013,1
ID_9GZNKM0Q6WPA,14.271715,33.260483,1
ID_XQNINOD7OUBR,14.233536,33.228323,1
ID_N2J7TZWCZMCW,14.301988,33.329294,1
ID_MSMT0GS024EG,14.490095,33.331899,1
ID_2E2VILZYVPFF,14.410325,33.265962,1
ID_AB00BJB7WXYH,34.16966905,70.77140555,0
ID_10Y94GPBZWJ9,32.126719,48.216354,0
ID_PGTB2LKLGHXB,14.518751,33.439427,1
ID_61JCX0D2S8IY,34.12968302,70.74447242,0
ID_TKUYZ8V3XRX3,32.317611,48.367541,1
ID_8TPR6JLPLA49,14.400713,33.51803,0
ID_N1L3Y5O00DLF,32.102285,48.220217,0
ID_PLZKY0Y76BF7,14.189788,33.280695,1
ID_1EYOAHQBBADI,34.25835985,70.36595467,1
ID_XBP5W9J7LGWG,32.229217,48.167755,0
ID_CLI1ECRZ74VI,14.483178,33.515245,0
ID_HL8NS4OF9TV9,14.201915,33.382564,0
ID_E91YPZK42000,32.152501,48.294328,1
ID_B1KWYEPKWT8L,34.29268919,70.42869186,0
ID_NATAFTGRNM7Z,14.450479,33.529618,0
ID_EVY0KZO3CZD2,32.235595,48.157964,0
ID_QJIKUEX8TLPY,34.10170348,70.6995065,0
ID_ZSYRO8A2NY2D,32.170826,48.307443,1
ID_USHDSZASYNRK,34.29138712,70.37107598,1
ID_AT1FL39D43J9,14.198412,33.39523,0
ID_I9VQNW4SUICP,32.104081,48.493574,1
ID_HFWL6V0RLP25,32.414899,48.146196,0
ID_X4D28KS5VXAW,32.325426,48.223631,0
ID_DEK8FK5VEIKM,14.522345,33.227604,0
ID_ZKWWIP2PWZ1A,32.386242,48.402216,0
ID_0Q2WWBTSCT1T,32.284912,48.425302,1
ID_O1HONIVPLM2L,34.30353659,70.41465131,1
ID_Z9YYGOK4C8D9,32.475984,48.154101,0
ID_4AGW6XX8TLRA,14.237938,33.339355,0
ID_OLLDNEN1QYMT,32.288685,48.166318,0
ID_PYMC7QBQRRB5,32.364952,48.244741,1
ID_1RC42BQA1UZZ,32.239368,48.433028,1
ID_QRO4ZSVSC9KF,14.406282,33.369179,0
ID_EWVWRSH7U7E0,34.09899664,70.69142848,1
ID_0XMMBHK6AO2M,34.05897985,70.66114512,0
ID_WUO4SBCH45PF,32.422355,48.336459,0
ID_33QVTEATX2KX,32.461791,48.240878,0
ID_3RH8RGA4HSU2,34.05801969,70.66834237,1
ID_TNW3DWNQJ6LV,32.228049,48.167666,0
ID_C0DRIUP5D7GA,32.269731,48.408414,1
ID_ZFTDRFDLGRMB,32.329738,48.20252,1
ID_MN4R8RX3GZBH,14.321751,33.294349,1
ID_XBH47HJ6QJ1U,32.086654,48.222912,0
ID_O8DXE2EAZ5V5,32.096086,48.474979,0
ID_E9NTWRKGNRAB,32.28608,48.418385,1
ID_PD3IS4LJ4JDR,34.29498087,70.40733357,0
ID_M0757ERFGWKI,14.411672,33.466377,0
ID_PVEABF13OS14,34.26349392,70.37044516,1
ID_5CRKV8P1VRCF,14.350587,33.390469,1
ID_D32W76LXQWBB,34.30718692,70.37711248,1
ID_JNOGQWD0O91J,34.30105475,70.386232,1
ID_JHV3BSA5H6HB,32.417055,48.145926,0
ID_KPUICPZKKGJK,32.364683,48.220756,1
ID_L77S427OJB9X,14.230212,33.267669,1
ID_QMIRV8JNM93E,32.122048,48.418026,0
ID_KTVCC8AZDEZT,32.180169,48.161108,0
ID_PAIQJVIU4ZCE,34.14601269,70.7485289,1
ID_JTWT15CINHCS,14.179008,33.196882,0
ID_A8IZNECA8HPH,34.08152766,70.68803573,1
ID_3F5KCDX184WG,32.458108,48.147094,0
ID_N1ACXK7Q0P4R,32.30773,48.407156,1
ID_H15XA1BK62U3,14.465122,33.407088,0
ID_UQ0ZQLG44LAP,14.323907,33.37906,1
ID_KAXNFT1AKV69,32.234247,48.276452,1
ID_5923M16UB37G,14.405025,33.511113,0
ID_CC3ZIA13GUCA,14.31124,33.575971,1
ID_CS2720GS5NBU,14.349509,33.220238,1
ID_RW515MIYCKJY,32.089978,48.236476,0
ID_K3FLBP2WWMTK,32.123485,48.225607,0
ID_4I0JOPFCLY0B,14.414457,33.372053,0
ID_54CQM16GAPJQ,32.216551,48.204137,0
ID_NEI0DFRBQBGQ,32.356867,48.24501,1
ID_806T2BSMXUJR,32.236403,48.295316,1
ID_M0KTI9VR7TU2,14.347892,33.191402,0
ID_G50H3OUTPMYY,32.384356,48.362869,1
ID_VW8646NOUKMY,34.2591707,70.35821462,0
ID_I9EO41EYCG4G,34.24315599,70.31554406,0
ID_90RVOZ6YCD9T,34.24912818,70.323058,0
ID_ZG9ME3ORN4WE,34.12052019,70.7076544,0
ID_4UQHTOD24EQ8,14.464134,33.292822,1
ID_K18T9D1I37FB,32.22212,48.28804,1
ID_SIRERY7796WH,34.26872715,70.35922676,1
ID_6XV3CU2DPDTP,34.2554888,70.32998813,0
ID_9QLO9VANLKAI,14.281147,33.216196,1
ID_L3X7Y11LRA9Q,34.09123509,70.74882364,0
ID_8FM5IQCUHGQ0,14.251053,33.399452,0
ID_P0F55LV63H2O,14.305851,33.199038,0
ID_Z2K1GKR70ORT,14.420026,33.361633,1
ID_ID9HVQWQOUJW,14.326422,33.248625,0
ID_FBYHT1KTXMXE,32.087193,48.226326,0
ID_KRFMHYEIDSPQ,34.10464725,70.70412043,0
ID_MA09UFGC12TJ,32.104531,48.429345,0
ID_663AEP6JQPOO,32.235325,48.201083,0
ID_D4HUKZGD668S,14.432872,33.265154,0
ID_60X28A4AC87N,14.329925,33.558364,0
ID_31YDU21TJHFO,34.08906984,70.69456486,0
ID_UGQ4P2JUH0ZQ,34.30680603,70.38161414,0
ID_YI2DRW8CWYTV,34.12983832,70.71911797,1
ID_QWG70QONWXEK,14.421374,33.353818,1
ID_2GCIZ478WKZS,32.391363,48.293879,1
ID_QXSKQXHDV2DF,14.45003,33.1446,0
ID_AJ0ZQ0BWNQDJ,34.06435782,70.66220171,0
ID_BXAEGEVNM7Z5,34.30021188,70.3887482,0
ID_YHKP9F4GGSYU,14.409875,33.422539,1
ID_YA1HP64AXU0D,14.242879,33.298392,1
ID_U383CJ7LI2U8,14.547497,33.201014,1
ID_8KUOYJHZ9T9K,32.074796,48.230098,0
ID_BK5DF390S83H,32.231822,48.493844,1
ID_MZJTQZIAJT9K,14.386789,33.527462,0
ID_8ZQTO2RAXWK9,34.29604281,70.42770336,1
ID_U18MJQJXLL7X,14.237579,33.338906,0
ID_TREH3T5GWKA5,32.282217,48.558433,1
ID_NJ7TR0UIRLXI,34.29660097,70.39944339,1
ID_2MDH24SNO2DN,14.360738,33.198409,1
ID_1PTZLB6PZ9OL,32.192745,48.573614,1
ID_M06ZJE672OCD,32.433045,48.161737,0
ID_CS3ODWQ47TX2,14.128164,33.303243,0
ID_MO9PX9RZ01XK,34.17091154,70.77545191,1
ID_LVRJASAC5NFP,34.30736337,70.3955146,0
ID_46736JKW53WH,14.239824,33.221316,1
ID_4C2O3QKE652D,34.28258596,70.40072344,1
ID_A1F1OYZ0CR7Y,34.10621338,70.7045454,0
ID_KYBQXUVXQHTA,34.25989846,70.36863354,1
ID_4R1GBOG7F02P,34.09888999,70.69268748,1
ID_VHSUZF49ND72,32.300543,48.477494,0
ID_84HXMQPKTJXQ,34.30520793,70.38798813,1
ID_1S7BBUA8DTTQ,34.26866122,70.35381277,1
ID_L4TQOIWZM7LP,14.389124,33.551806,0
ID_S4DA49CTJFZT,32.212957,48.346071,1
ID_0JB1ZS2QPE8C,32.113154,48.421979,0
ID_5L4XPM4IG5TO,14.393077,33.437361,0
ID_SR1610J23RXZ,34.27748495,70.34672574,0
ID_CTMXZ4XC9W2Y,32.134804,48.307982,1
ID_06SS9UPGRDWP,32.282756,48.26109,1
ID_4W4KAW692AS2,34.09267426,70.7584305,0
ID_2MDCZ40BHNSB,34.07993288,70.69026615,1
ID_2H0JYIM18W7D,14.408528,33.353009,0
ID_XGCHI0QINRR2,34.11913606,70.69333487,1
ID_3B6ZHPALU7J3,32.121868,48.203418,0
ID_LCU8PB4N0LVN,34.09252058,70.75387151,1
ID_31NV8VSTTEQD,32.306382,48.298101,0
ID_CZKDZ6JHYMP4,34.29089624,70.39394106,1
ID_UOM8POIYWIC2,32.460443,48.255161,0
ID_NZ7YJHBCAT9V,14.425955,33.521982,0
ID_7Z40LLJAFZ00,34.08181834,70.69665843,1
ID_LT6B1I6DN74Z,34.264893,70.33371323,0
ID_0HGY7T0AVTPU,32.237122,48.256509,1
ID_0O9IXHXP6W50,34.29270082,70.36551715,1
ID_J6OL3TRUPMDK,14.424788,33.243415,1
ID_T2NH6L94WPQ8,32.146392,48.417218,0
ID_268NHUSFH9T2,32.279882,48.427368,1
ID_1O1XSEPKO51T,32.388847,48.185003,0
ID_HESAQXBNNCRF,32.319228,48.126882,0
ID_S9FDBGGIZC2H,34.28970829,70.41687464,1
ID_B3JRB3R30YL8,34.2665699,70.33002391,1
ID_QZG4SOYYNIOS,14.306839,33.573096,1
ID_THFLD6H0G21T,34.26453919,70.36640568,0
ID_OLWU34LBJFSL,32.432506,48.161916,0
ID_9RE9D6R7I9P1,14.531148,33.271442,0
ID_ZALM8ZK1GJZ9,14.49279,33.212153,1
ID_G9XIHB4LEQPF,14.378434,33.550639,0
ID_TJZFLT7QJMC7,34.30126638,70.39345406,1
ID_RHVOPQ4DR0P1,14.255365,33.262818,1
ID_UX1CFB8KC3F3,32.307011,48.291813,0
ID_A9TJTX66XQSG,34.16530999,70.76418241,1
ID_Y7S21PIT1FOS,34.28432088,70.41332169,1
ID_JQXR3TTIBL0F,14.273332,33.424515,1
ID_3XJR2XL8SX67,32.097434,48.230278,0
ID_6G9QUQ7ZIS13,14.193381,33.327767,1
ID_4C8HMB30MJIB,34.24378466,70.30037392,0
ID_9V9JROSJ9MM4,34.08279402,70.68887948,1
ID_HRH78HAAY3EG,32.336745,48.275284,1
ID_I0C9O4MU6F34,32.301082,48.384699,1
ID_Z3FCZ62J0R3Y,32.251495,48.450815,1
ID_G3U6M5H54UXM,34.29256115,70.43146586,0
ID_AI34GRUGG83I,14.451737,33.149631,0
ID_M57NSA5AD8TS,32.166694,48.295675,1
ID_86UCS17ZTJBN,14.249975,33.180622,1
ID_8ZOMQ28QW8ON,14.404665,33.536266,0
ID_N8RYQUECX0EE,14.261564,33.459909,1
ID_ZB2VV7MT5VK2,32.256436,48.18132,0
ID_MKK43JNFC42S,34.30628575,70.39096087,1
ID_KZX10YRRPFQ2,34.28429498,70.41821376,1
ID_S6Q0OLMNEJ9V,34.25109915,70.34426477,0
ID_EMYYH6IBCHH9,14.44491,33.116393,0
ID_JCCLTILZ912W,32.316892,48.373649,1
ID_X0I8DW9ZQHPY,34.15512428,70.7574672,0
ID_ZKL6M2FBVJ5G,14.316271,33.534738,0
ID_AGMVF8S9GKTV,34.29562046,70.41263232,0
ID_EOZOYTUE4PTC,34.05531528,70.6693958,0
ID_1VG8RI95H9T1,34.05437555,70.66649405,0
ID_IRCRZNFL280R,14.312139,33.300637,1
ID_WSW7NT507DF0,32.163819,48.299448,1
ID_UAVX5HO3GWUW,32.101746,48.211952,0
ID_TV5TSED9LGL8,34.13151436,70.7133555,0
ID_9P8G8TM60AWW,14.432333,33.205416,1
ID_BBHMXJ78E8BM,14.386519,33.358489,1
ID_06BV9BGMEJ9D,34.08166173,70.70187219,0
ID_236VTPBP7ZAI,14.482639,33.323455,1
ID_FJGV30QFLCI4,32.256795,48.398892,1
ID_ZL6PGZ98L7VN,32.437087,48.137392,0
ID_Y02KW78T1MSC,34.11907907,70.7562348,0
ID_B3II55MQIMH9,32.294345,48.389549,1
ID_7A5OLAHYFWRZ,14.452725,33.527552,0
ID_SL34J3XPA7C0,32.336655,48.276002,1
ID_V031QMCLM34O,32.123126,48.226146,0
ID_7S6N6RWBL25X,34.25444237,70.34979868,1
ID_KNAKZV7SZ2GI,34.26100847,70.34100325,1
ID_JYQ4E0MNE15M,32.177294,48.171888,0
ID_TGMIMA4WUKD7,32.340069,48.300077,1
ID_YHL8Y6KZNJPU,32.37169,48.246178,1
ID_4CHWS6CPOULQ,32.193733,48.325589,1
ID_7OJGPHPZHE3M,14.163468,33.369538,0
ID_7JNVGY64TDR9,32.239997,48.284896,1
ID_ULSAXD7E15DB,32.2435,48.408594,1
ID_27B271C91TQD,14.360738,33.227604,1
ID_LMCPI3IPXI5P,14.354899,33.210806,1
ID_473DCBYKM88R,32.453796,48.136404,0
ID_EM4UO6Q0QJUX,14.366038,33.291475,1
ID_RYLVVDF829CG,32.248261,48.172786,0
ID_4XNUKL7RWFO8,14.158796,33.269196,0
ID_RC0TG92R0F9I,32.12609,48.202251,0
ID_GQZCJ8BDY4N5,14.424698,33.208291,1
ID_DFV7Q0G60V1G,32.302879,48.480459,0
ID_PUZ5E75XAC1D,32.435829,48.302862,0
ID_DDZYRA60EBIC,34.27800803,70.34826326,0
ID_J2ATZIG1J6ED,32.300992,48.447221,1
ID_7TBQ9F6ANT4H,34.28245695,70.41618035,1
ID_GP55SIA1GM92,14.557379,33.440775,0
ID_BPNALAHMNRU2,14.195268,33.382474,0
ID_7BR1I073QEZ2,34.12533868,70.73856201,0
ID_LH3TRH66RJNA,34.11644237,70.68619581,0
ID_G26E37EX2V2X,32.385703,48.260282,1
ID_WI9BJXNUVVVJ,34.30077626,70.40652493,1
ID_OFBN4KBNN3YH,14.429638,33.366214,1
ID_WASJCJQPH101,34.08957119,70.6584281,1
ID_FYSDI1MBZS55,32.345638,48.196951,1
ID_GHDHN26DRK61,32.102824,48.212042,0
ID_AY7DHBO2TWIT,14.445089,33.106152,0
ID_CEGS77J2PBAA,32.325696,48.27708,1
ID_QHBMANMQPREC,34.25254092,70.31789525,1
ID_1XNW5PWHESVU,34.28615934,70.39997662,1
ID_XBHK4BKEQ2DR,32.200471,48.211593,0
ID_DLRFEXFYWY97,14.329027,33.251679,0
ID_JIGQAR40H0YP,34.2642695,70.3565737,1
ID_9F6HQLKDBBCW,34.12124876,70.71294909,0
ID_OR9XCZNICKE0,14.237489,33.154122,1
ID_ADMRB8VEARER,32.341866,48.336189,0
ID_8T1C02FB8TSA,14.372955,33.278719,1
ID_270V79G6341C,32.106687,48.107928,0
ID_I4KHK6Y6KDFY,34.27864291,70.32972096,0
ID_JRBSKS8MYPU6,14.113252,33.314202,0
ID_YGUK37JV5YJU,32.282397,48.441921,1
ID_SLAHOVG5WGD6,32.192027,48.351551,1
ID_3GY91L0AM008,32.139116,48.295586,1
ID_WVFJY6X3CSXS,34.26380094,70.35832091,1
ID_V582NH012WA8,34.29249735,70.3910207,0
ID_VSRQ27XBM8YY,32.230474,48.27708,1
ID_84P9ZCUAF9PJ,32.412293,48.345981,0
ID_ZHMFRGK8ZYZX,34.30842679,70.38645559,1
ID_PIC5KT1B1QLP,34.27013033,70.35148256,0
ID_6NF7KLNUH5DU,34.08462909,70.68706187,1
ID_N4P6QHM91LEY,32.170826,48.295765,1
ID_5SDY8K1CQJFX,34.24989042,70.33078732,1
ID_NWTAH34AEGHQ,14.429099,33.207213,1
ID_6N9GL3DPBXUA,32.303328,48.377153,1
ID_177TRY8NO7MF,32.249519,48.172427,0
ID_K5SS5L8BA8TF,14.110377,33.333426,1
ID_4625LDS3YLTT,14.497551,33.266591,1
ID_ZT9YQHPNE205,14.179817,33.163824,0
ID_O8USNL6PHJQ3,14.55693,33.440236,0
ID_1YBQ3ZBSDW7J,14.513451,33.297853,0
ID_42JXTM6TL2HH,34.16085762,70.76212097,1
ID_9YYVVHK6F1D3,32.375013,48.210425,1
ID_048WTPX84MXY,32.45658,48.235219,0
ID_XC5VVR4Q9UR4,32.270988,48.268816,1
ID_977NWSX8H95U,34.10283664,70.69160093,0
ID_B8F33E7UM5YL,34.081523,70.69886627,0
ID_MGC1I9NQMNOO,14.416254,33.327856,0
ID_4A16VFUV5CMI,14.518931,33.339894,0
ID_YERWC9STKDIN,32.247093,48.164791,0
ID_3UYQC3VP37VX,34.29602953,70.38097128,1
ID_NJVCQI6LZLLT,34.28327336,70.42684393,0
ID_HI0IPI8O6WL3,14.488568,33.375018,1
ID_T0PH1YZP77JD,32.37133,48.246807,1
ID_9SCVNP1OYF5M,32.107226,48.118887,0
ID_SGTYWII6FPXV,34.2928223,70.40802,0
ID_QAA4YD59LV9O,14.349958,33.564652,0
ID_MKBK6D8UOYWR,32.116119,48.425482,0
ID_1KE244UANPQK,14.416882,33.176131,1
ID_BIW5Q17E4TYI,14.441137,33.382833,1
ID_FSYUKCY524DO,14.195987,33.382743,0
ID_T6ZHPZ293PI3,32.248171,48.173055,0
ID_6LYQ4OF6LWA3,32.129414,48.189045,0
ID_UBCEP9JKKR3C,34.3061929,70.37072932,1
ID_FZZG8GGN7RZ2,32.095817,48.471116,0
ID_D1NFOTF86MV2,34.2746759,70.34934289,0
ID_L8OGG18TPVIK,32.278534,48.144669,0
ID_W9GP101QIZ0V,32.105609,48.596521,0
ID_ZYX3ZCDDZKVD,14.305401,33.569593,1
ID_1YWN24Y0B76K,32.086115,48.415062,0
ID_VDJ7RDIZ0GVR,34.24226775,70.31642297,1
ID_Y7AAGE8OKLU9,14.2153,33.276652,0
ID_SU0ZG2JNNQT2,32.141721,48.433118,1
ID_SJP2VD9T12G3,14.30594,33.329653,1
ID_DB5G5Z0BLCRY,14.414008,33.37412,0
ID_8TPGJRN2S38X,34.12057584,70.75910009,1
ID_FEZA7UV4WQYF,14.459462,33.239193,1
ID_YQHCMAA5ZFWS,34.29855951,70.37940196,0
ID_VNNXI2Q248T2,14.409426,33.214219,1
ID_LACUI1CIVQE3,34.266225,70.35631726,0
ID_VKA4TCB2C4QE,34.05891118,70.66630758,1
ID_NA20SJUOQTXG,14.410414,33.163285,0
ID_5PK1X3ZDD0O9,32.223108,48.453869,0
ID_XZPNNBR5TETL,32.329289,48.577207,0
ID_2TBZGW6HBI8U,14.530519,33.450476,0
ID_5TJK3S2FXWGJ,34.08653055,70.69015502,0
ID_HIUQ1HGQM5UX,32.108932,48.478662,1
ID_NVHIBAGJHZ6G,14.450479,33.306476,1
ID_G3MBBK2GN8HA,34.05537815,70.67442146,1
ID_KRG2D7SUI1ID,32.263353,48.289118,1
ID_7XB2G02AHPZP,34.2501881,70.32778285,0
ID_FUNQA2O629NJ,34.2663691,70.34951408,1
ID_N891V6PQ08U5,34.10758431,70.70671637,0
ID_P30IQ3RLKQOD,34.28479427,70.40311014,1
ID_D19V32OBSIAM,14.419128,33.240271,1
ID_EYU12FP6UOFO,34.29806106,70.38105841,1
ID_2QVZ8UPLG1CF,14.449312,33.147115,0
ID_RTBG94I38DWD,14.16778,33.4803,1
ID_I5DDWMQCKHEX,32.153399,48.426021,1
ID_SA05ISMPH69T,14.387777,33.531504,0
ID_B0VHWTPUJITS,34.05737364,70.67368245,1
ID_FUXTFI5NT6Z8,32.431787,48.463391,0
ID_2M3R9EODLGS4,34.12211821,70.69597237,0
ID_6SB0JE6SHJ3L,34.30297412,70.41560677,1
ID_PQ42ZY80SB6K,14.436286,33.244223,0
ID_9CILZ9TGBH0T,34.29893735,70.37322218,1
ID_ZTF9FTCP79V1,32.255448,48.292621,1
ID_56TGXOBP2JBL,14.423081,33.25114,0
ID_FHSW631M4N6O,34.29027174,70.42885686,0
ID_OGUXCS40PDMA,32.328211,48.285884,0
ID_ZITFA0EJNEUQ,34.12790762,70.75925272,1
ID_L0GX6GJ95FD4,32.121958,48.202969,0
ID_F8OKGFOW3RG5,34.28273442,70.4033342,1
ID_UE07Z8F7B4D3,14.434669,33.227245,1
ID_AO01PXG9C53B,32.091505,48.129846,0
ID_0SRTY4XSQF62,32.065634,48.138111,0
ID_2DB9Z86WE24E,14.227877,33.257069,0
ID_WLXQ2CXKYO80,14.453803,33.147205,0
ID_GLHOS6GPPBJX,14.382387,33.518299,0
ID_9W7U6HVV4ATO,34.05571088,70.6651257,0
ID_QHZUFA9TUBYU,34.10388815,70.69475723,1
ID_BU6G7UU67RZ9,34.29019851,70.39486779,1
ID_9VZYXPCVYCV9,34.08613276,70.69520366,0
ID_8YSS6PROMXGT,34.10972348,70.70535783,0
ID_RCL855BKOIWD,14.333609,33.376545,1
ID_7OTG0UI39ZQT,14.37565,33.226167,1
ID_FJ6P26L0UFM2,34.11920328,70.75485172,0
ID_WNQ3CAHGAYW0,32.421995,48.139369,0
ID_22W7XNM0NIKM,32.221222,48.438687,1
ID_WIVV3FC9UR2G,34.05966777,70.66318498,0
ID_U9EQESBUWXCR,32.252214,48.474889,1
ID_LXLCPFV1HT9U,14.196885,33.382833,0
ID_BXQSEEHWVKJV,32.091595,48.465547,0
ID_WMYWS7MZH87D,34.2686619,70.35210176,1
ID_NZR9VF6RQIJM,34.26255925,70.37221361,1
ID_DTYQ3JCCJFLV,14.273511,33.270544,1
ID_MMNM2DEYBL5L,32.248261,48.403383,1
ID_8F2X84MDHSHR,14.413289,33.372143,0
ID_ZBJO86WI1GUK,34.25695047,70.35839643,0
ID_Q1CX35FGCCYL,14.225362,33.393344,0
ID_1M8HXI180TIU,32.305124,48.15464,1
ID_4HKLYVRPQPDU,32.275929,48.228212,1
ID_KDN1WCJPMQQ1,32.118634,48.211593,0
ID_K65UQQSKC8BD,14.41787,33.529887,0
ID_OSOT0HQUF6MR,32.16885,48.292981,1
ID_PC16D76DTE1Z,32.091864,48.231536,0
ID_X5CBJ1SC2X9E,32.322731,48.139908,1
ID_IBP4H0SMTFSF,34.1541385,70.75888926,0
ID_Z7H2T355OBFF,14.292376,33.341331,0
ID_2WS4H3BQB32I,14.158527,33.387594,0
ID_LRCJSDF3Y0ZO,14.201376,33.381126,0
ID_CLR323EI6L8E,32.079647,48.236117,0
ID_K3N3FK4XV84K,32.076593,48.23971,0
ID_Y0PX6B0KWBSI,32.193464,48.555199,1
ID_HC2N17K8EQKR,34.29745221,70.42990804,1
ID_4ZNKV8YDW69G,14.335046,33.252488,0
ID_A5CWUD22SAN5,34.27005754,70.33410411,0
ID_MXJH1PEPRMZU,14.162929,33.382025,0
ID_VAMSOJ4CYQRT,34.07642894,70.69107683,0
ID_LTQCRW9EV5WH,34.14078199,70.74978862,1
ID_I1HGVH4WDCP1,32.269641,48.176649,0
ID_XQXW83S99E5X,14.406642,33.237666,1
ID_C4SOMPVJB8DV,14.155652,33.458921,1
ID_397WUFK62O3K,34.1233411,70.71208702,1
ID_JBNE6SKLMZKP,34.10498638,70.69647276,1
ID_64KCJ9JCESFW,32.077042,48.494113,0
ID_5WCHS8ORYR96,34.25287786,70.32133163,0
ID_KHQIUD6LWJEP,14.450839,33.184395,1
ID_6YNWDN5Q7TR8,32.330547,48.254443,1
ID_QE4J0MLO19MX,14.30639,33.350853,1
ID_X6C66ZFTRGGR,34.28264157,70.38449942,1
ID_N0NDW4WP07G3,34.2811487,70.41305181,1
ID_EQ5U2OIX0CDT,14.519111,33.330372,0
ID_L88N1PAAYDK1,32.236313,48.256599,1
ID_EVDBSSSRCCU1,14.310612,33.539589,0
ID_DDEEVSP1M6QI,14.51435,33.548483,0
ID_MJKNX4B7CTKD,34.09408403,70.75666592,0
ID_XMXEEGF1BXJL,14.423081,33.52306,0
ID_VS67R41V7MWW,34.08246012,70.68476698,0
ID_SVK5JQYRPON8,32.143338,48.308611,1
ID_OJPND0UHKZJT,34.2649011,70.35784562,0
ID_5SOF1D549RH2,14.510846,33.301176,0
ID_77CDHCOO87JZ,32.12636,48.312564,1
ID_544WV4N9SEXQ,14.426854,33.241977,1
ID_J1ZZX5U4F33M,32.192925,48.296843,1
ID_0WFSUTUVXSPF,34.27679174,70.34446278,1
ID_IHJ9FXCXUCCM,14.282045,33.34717,1
ID_CVCS8IAT5K2H,14.519739,33.296056,1
ID_XEVFJJGJ5GVM,34.27967958,70.33247377,1
ID_D78GZUYQOCF6,14.248089,33.255183,1
ID_OMQHS5RIACR1,34.24317874,70.30390067,1
ID_DTBHDP8FG7X2,14.407001,33.198858,1
ID_Y4G79G92Z32P,34.27110206,70.35483446,1
ID_RWU8A4J2CPL9,32.194542,48.204946,0
ID_BOOYHB38R6WL,34.28547034,70.4266858,1
ID_NY8HGKLI5Y86,14.291567,33.451285,1
ID_0UOKF3J7DE4K,34.30396475,70.37827016,1
ID_5UD3413A6BNR,32.424421,48.380476,0
ID_MXSR6I2SI83T,14.512643,33.513448,0
ID_A2RLIT4YVG9R,14.532316,33.253656,0
ID_4YSRLJGXF7OS,32.162472,48.386136,0
ID_2BHJZ3S852TD,32.257604,48.145836,0
ID_0UPU3EOZMQMA,34.26884823,70.3510082,0
ID_9ZRQCC53KF0T,14.245484,33.295248,1
ID_QIO5YK010C2B,34.28754161,70.36516893,0
ID_3KVZM9GGNILC,34.30260308,70.40015527,0
ID_S4FZEUIV6BED,14.397928,33.328485,0
ID_GEK632QO8WPJ,32.455772,48.148262,0
ID_AIVEGCQ9DQ6M,32.228678,48.335381,1
ID_YLA4E42QQAS4,32.287607,48.171888,0
ID_LNMEZICE4GHO,32.363425,48.251029,0
ID_ZTPER4F6X49X,34.1026096,70.69411834,1
ID_5EDSR8JNKFN1,34.3117041,70.39649232,0
ID_BV0XPFOEAYDR,14.407809,33.372053,0
ID_72MGN6IVIKJP,14.329297,33.250961,0
ID_RQZTP01KBIN3,32.32345,48.131104,0
ID_1L738WQR5HCY,14.264348,33.280515,1
ID_HGTSM3SUOWOY,34.29469778,70.41759674,0
ID_KPR2EXPIZPEX,34.30104946,70.37643165,0
ID_1479S6UANWI3,14.538694,33.470599,1
ID_0HW4CNZ5CNEU,14.292825,33.420922,1
ID_FRHI6ESPHOPF,14.527645,33.285456,1
ID_IKZ97LLTDN8W,14.102382,33.319233,0
ID_UL2B8M7ZG77K,32.058717,48.219858,0
ID_DDC8RTY24VHZ,14.564835,33.499345,0
ID_VETI66YG9PK7,34.12077987,70.69384823,0
ID_85OMU3YKU2QI,32.192925,48.342927,1
ID_2Q03RMMB8ZT3,14.449312,33.142624,0
ID_1KZ0ID3LCI5K,32.089529,48.236117,0
ID_T1NITJOOQV6M,32.280241,48.327206,0
ID_84T5EB5EG8VL,34.30529668,70.39933509,0
ID_I3S6UERI4CVX,34.24167166,70.31094936,1
ID_34AYAB1LEVW2,34.08538734,70.6912668,1
ID_5D574S6NRGKP,32.084858,48.23441,0
ID_QWC2Z6LGH1XD,34.29026289,70.37353562,1
ID_Q4HMFRQPX9C7,34.10218392,70.70060661,0
ID_NY499KLMSBQU,34.29550718,70.41609237,0
ID_Y3VLBIWYMYCQ,14.349958,33.564832,0
ID_9VW7VCSOMGHV,34.2555935,70.33198207,1
ID_E5ERUM4U4QXY,32.118275,48.43734,0
ID_P9JDPDJ4NC8N,32.380852,48.212581,1
ID_IA0HWG6J9UPP,34.07909524,70.71177743,1
ID_YSZPVRS2XG1G,14.445988,33.118459,0
ID_JIZJDXWRP885,14.30064,33.331629,1
ID_PWBBMFTC2SBA,32.331894,48.140896,0
ID_VYG2TL4QQ5QV,32.174869,48.358917,1
ID_6S3APSAQF20J,32.250687,48.380836,1
ID_INDUL05ZKDV7,34.12007119,70.68275342,0
ID_0O1ZKHPBTGQN,32.111178,48.521512,1
ID_J44VRN2L4W9E,32.454963,48.151676,0
ID_WCBHP14BIDGK,34.30208739,70.41214109,0
ID_EHEVAAG5OVYD,34.29534687,70.40341353,1
ID_OLQJXWHJXXBI,34.24935224,70.30547262,0
ID_8QLKIIT6JGHR,14.259947,33.195355,1
ID_0MK2DYANZ549,32.199662,48.19749,0
ID_YYBTLNYWIMJX,14.28465,33.393254,0
ID_SWXGTS2JVJBS,32.327043,48.222732,0
ID_PLG96AG0W25H,34.07983356,70.70838649,0
ID_FTVG593ESV7J,34.16602943,70.77148668,1
ID_V767P2KQNTL8,32.092314,48.232165,0
ID_13SAEOHXFP7Z,14.446078,33.314292,1
ID_PB7OHOOAFCDY,14.378794,33.234701,0
ID_GDW0A1ZO6K2K,14.370439,33.221047,1
ID_FPIZJN9MCJC1,14.161581,33.359836,0
ID_QE5P8RK12XHG,32.421097,48.139728,0
ID_9MK8TZTNFPMW,34.25579557,70.35174526,0
ID_GUF0SUN8R0AX,34.10338219,70.70370289,0
ID_TGOJ1RQWEUFF,14.251143,33.293541,0
ID_JBFTN6GD5D66,34.1731694,70.77218754,0
ID_XCL5YXG7FHO3,32.230654,48.187069,0
ID_G8ECMAJFALHW,14.399994,33.492967,1
ID_M2FVZX9H9928,32.341955,48.156526,0
ID_FYJ68EFUWWC2,14.209461,33.312316,0
ID_GVWFG5LH8GUP,32.204154,48.33601,1
ID_QRGWWI0RA5P2,14.34367,33.347799,1
ID_0MZGKUXE0KRJ,14.317978,33.294439,1
ID_E9W5BPII59LH,14.220151,33.458202,0
ID_PR63GUS3Q5WY,32.179001,48.407516,1
ID_SEE1CW3C2T9S,32.218078,48.341669,1
ID_K5SPCJQQ2Z6W,14.451557,33.413825,0
ID_I6PV0XMYMQS0,32.09941,48.231626,0
ID_E58V7AAL5SXZ,34.16202446,70.76237605,0
ID_KLP961S3TF13,32.438434,48.155269,0
ID_3TXXF6824U60,34.29352519,70.42682118,0
ID_89W2TPXQV4GF,34.29853421,70.38972872,1
ID_FDHS3Y6YIR1C,34.30712957,70.3796555,1
ID_LWAYERPV06PF,32.328211,48.226326,0
ID_PC2YKKTPD6CH,34.29051993,70.40713331,0
ID_R4RL2V6WBDML,14.174427,33.370706,0
ID_LG2WATALLKN6,34.26180491,70.36023888,0
ID_2Y261FKC2B3O,32.078929,48.224529,0
ID_5Y5KJ0UB9D3R,14.520458,33.587919,0
ID_32WNHPROFIAV,32.438255,48.27735,0
ID_9ONJI2OQV611,32.293985,48.250131,1
ID_YS9T7JITTRGW,14.45551,33.210267,1
ID_RMCE9D7IYTAE,34.28686794,70.34099577,0
ID_Q90N4XUU4908,32.440501,48.162276,0
ID_3RSJJV8APX5V,32.364952,48.278068,1
ID_0J6C9UOYGZ7M,34.30152294,70.40080268,1
ID_1S2K2LTVAHM6,34.11975211,70.7539169,0
ID_LTYDOBZ2C7T0,14.199221,33.426042,0
ID_HFMHA8YD8Y2X,34.14500236,70.75133445,0
ID_TWH3W57KEARF,32.460353,48.184105,0
ID_OAW83RF9SLS7,32.310424,48.335201,0
ID_QA1I9O27BBD5,34.30132475,70.42416045,1
ID_OJ8J05J2NDVS,34.05667514,70.66142031,0
ID_LQ227VHHYQAY,34.29606061,70.36995579,0
ID_E46HVPHBL9U6,32.269461,48.569572,1
ID_HG77TH9IASHK,34.2870228,70.33767397,1
ID_2BAPSQCW7CVR,34.29150844,70.40821889,0
ID_0YTEIUA7FS6V,34.0931037,70.75165057,1
ID_YE3KNCP4KMIR,14.521716,33.225269,0
ID_DZ0ASIZIIPFI,34.3122807,70.38906799,1
ID_PF7GC2PTAWP1,14.208114,33.301715,1
ID_DAIGFK3AT6SK,34.29479237,70.39973823,1
ID_6YQYMF69AM0P,34.09716053,70.75051432,1
ID_Z0FMR5D6IW5I,34.2830683,70.34381125,1
ID_4H58BOAXOT71,32.202627,48.278068,0
ID_CYDEQU3MRIBH,14.435927,33.212782,1
ID_DIHEPVL4V1JH,32.097254,48.308252,1
ID_FPZ0H37GDCOI,32.224366,48.299898,1
ID_PRSRXR3EIGBK,14.136877,33.313573,0
ID_4NAD8W11PYNS,32.281229,48.17045,0
ID_50JWFY1PJY2D,32.240805,48.269355,1
ID_HGUXNT1EROIS,14.134093,33.310249,0
ID_THUM4VQJD2WE,34.24600587,70.29788732,0
ID_D7LQANIDQBRP,34.26662926,70.36835074,0
ID_Y462DG9G355B,34.09280972,70.66773005,1
ID_T9HX9L27OGTC,32.257424,48.250311,1
ID_5IA065WKXZEN,32.235146,48.154999,0
ID_1SHU6WUR7OQD,34.09857832,70.69616206,0
ID_A1PVIZL1H9ZG,32.247632,48.290735,1
ID_B04CHEKD8V73,32.170647,48.296035,1
ID_F41TFOL8PF88,34.28415824,70.34923252,1
ID_879GB7SMVM58,14.333339,33.214758,0
ID_2NAL788ZSLC3,34.25527557,70.35743387,1
ID_6O40E83GVRSG,34.09735861,70.75529491,0
ID_XLZTXZNGWBAD,32.143697,48.434196,1
ID_HPX4ZCC7YCS1,34.29604347,70.4212875,0
ID_5A2NA2MD364B,32.268024,48.523488,1
ID_SV6O9K3EE4DD,14.160773,33.388493,0
ID_CLU0DQZI2YXO,32.369534,48.259563,1
ID_JP80C33V26XE,14.269289,33.341331,1
ID_WHUP4UDHIO0K,14.320224,33.269017,0
ID_RCI9OPKUU9K2,34.12480963,70.68735325,1
ID_4JCWXGVL735R,34.11019473,70.70703704,0
ID_OWKXB5BWJUQQ,32.388488,48.340591,1
ID_0L26V68RIG0Q,14.491532,33.270724,1
ID_CA8XQDYLWNKT,14.349688,33.306926,1
ID_OF8ANXERJOMZ,34.09333668,70.75731312,0
ID_AVLIAJMBI9XL,14.323907,33.248535,0
ID_R4DYJ79ZNTZ2,32.308448,48.279596,1
ID_PZ5XVR0HM5G3,32.193823,48.578375,0
ID_RTAIZ246LB87,34.27082169,70.34268469,1
ID_11CRGUL6A1ZX,32.330637,48.231626,1
ID_SZAG5YYV9M9Z,14.501773,33.392535,0
ID_6Y2LVQLY8MDD,14.504199,33.293361,1
ID_UARGPHPKNDVG,14.340526,33.220957,1
ID_O4ONKMTY7B5R,14.465212,33.536445,1
ID_W1A07BRUPE8A,14.356785,33.235599,1
ID_I5WGZ9UTOCJQ,34.26849307,70.34987415,1
ID_0ZTKCLBCAGV2,32.096266,48.231985,0
ID_YIXDLKPWC4FB,34.28347829,70.34237767,1
ID_FTZXRVIWFK2E,34.281846,70.3420682,0
ID_ILH8FTW8P90E,14.314474,33.220328,1
ID_9EU0DH7XCXQJ,34.12124216,70.75769217,0
ID_0EFVK1SGR2SJ,34.12012097,70.68869916,0
ID_4W4K2SQUJC9N,32.218617,48.341849,1
ID_6WYCFMB4OXHU,34.2781947,70.32845328,0
ID_HLRYP8QUW7NB,32.208825,48.276901,1
ID_0UIRWBPQGYJN,34.29320987,70.3419697,0
ID_00MJRGGCU6WE,34.14171912,70.75385026,0
ID_GVPWK2O7UPM4,34.26256666,70.33833261,0
ID_CZ9C033YKQPQ,34.27150445,70.34795236,1
ID_1X3D7RLNAFQC,14.202724,33.282312,1
ID_BD2334OLHS97,32.274312,48.277619,1
ID_JJ7C6GTPXD3S,32.301262,48.396916,1
ID_457173Z6182K,34.24441158,70.29785947,0
ID_GR4T78CRW4H5,14.453264,33.148014,0
ID_HMQSZNJG5B5R,14.472129,33.260662,1
ID_5TLS241HMJZ0,32.229756,48.545497,1
ID_F8BV89TZJ33W,34.30926578,70.39092916,1
ID_GEH3VM816ZQL,14.386609,33.542015,0
ID_6P6XU02WLLFH,34.06263393,70.66422228,1
ID_MLVXCT5ITW0X,14.40224,33.508957,0
ID_E9QZ7Q0CXAYV,14.270726,33.346721,1
ID_UF3EF0SFQ08U,14.529621,33.480839,0
ID_0J55X8JBK9RF,34.25759386,70.35742601,0
ID_HTOYBFYHRLFQ,32.13148,48.257138,1
ID_KCK9QBYAK0Y2,32.355071,48.27726,1
ID_ITGF9LFS2020,32.213047,48.204407,0
ID_ADV1HXR4EZC4,14.195088,33.376186,0
ID_60K7SKOGNGNP,34.2977152,70.41296804,1
ID_HNF6RBBAOBNU,14.398557,33.551178,0
ID_ECJWPE7J6LQG,14.402509,33.265873,1
ID_RWDNMXA19KUS,32.269461,48.401228,1
ID_YOP9PVE96EMA,34.28677609,70.3345845,0
ID_Y49NDKK6RL3U,14.346095,33.296685,1
ID_PYCR05IA2YVN,34.29612479,70.39554111,1
ID_MREZYFQFQMAM,14.393796,33.521174,0
ID_J3GNSGW4EM5S,34.29573995,70.36658904,0
ID_MBTQ2UE1BPOL,34.23918434,70.29861094,1
ID_TSJHODO5F07C,34.29258498,70.37183501,1
ID_FURGK4AJ96OK,32.267216,48.505971,1
ID_QOBMZI6QR6LW,14.460361,33.575522,0
ID_0NNHG3MCA9IY,32.366659,48.258755,1
ID_96J5XW6OWECO,34.28664526,70.36941253,1
ID_GVO6MJEI68ZU,32.080905,48.227583,0
ID_0XFW2K5YRDNZ,32.285092,48.425482,1
ID_9R4WDSJ735R3,14.385801,33.547584,0
ID_K0YYOZSANR8S,14.515787,33.172178,1
ID_KY8XO7N2P6VD,32.137678,48.278068,1
ID_ISQVJW9ATJQ3,34.2489507,70.31293549,1
ID_IU71LWOGFPFR,34.28579703,70.3757329,1
ID_2HCP6WLQIRQ6,34.08948823,70.69684896,0
ID_ZHUCM7DVXYX5,34.08219851,70.70610503,0
ID_LGYY4UDR860U,32.101836,48.333045,0
ID_5BMA9W7D2IL0,32.358844,48.272499,1
ID_CP1KM9ZLSTTJ,32.295063,48.1762,0
ID_GZIZMPT4FI0Q,34.16203701,70.76630245,1
ID_KZ5AZ8S0YJH5,14.230392,33.447961,1
ID_NF3FVY8MP322,34.26905012,70.36065098,1
ID_ZUBD7JBTTH59,34.23797395,70.29871054,0
ID_TKKR9GB7POPT,34.07887041,70.6931875,0
ID_FCSVP83LEJJR,32.074437,48.308701,1
ID_NGNMAFMTAS3K,14.356066,33.25105,1
ID_O2AW9ZJFLGEG,32.31833,48.134428,0
ID_G8B9EYAGJ17V,14.155383,33.269915,0
ID_WDY6ZITJSVKZ,32.235325,48.201712,0
ID_1K25M2JRTT1Z,34.1529642,70.76213961,0
ID_KYS0NKJWMYWM,34.2952054,70.39737316,1
ID_4GKHHEF1BLUX,34.09045403,70.65787634,1
ID_BCIXULACS2IB,34.17375887,70.77621761,1
ID_L3QV6LHCJ8YE,14.482909,33.511472,0
ID_CPIKWUKWRA7S,32.080995,48.217163,0
ID_8HIWVY2XERCV,14.464852,33.535188,1
ID_YK2KWAW41YNL,32.085037,48.481806,0
ID_GRW2Y6U9U2FZ,32.267305,48.432489,1
ID_TKOY18VGORC2,34.28399702,70.4261843,0
ID_DG7WHLJZ703B,32.45119,48.292262,0
ID_EVMA9I3AI3DR,14.452995,33.286534,0
ID_IEJC9L2RTOMB,32.31815,48.205035,1
ID_C4DVCV5HGA9V,14.390652,33.266951,1
ID_PFUEAL1TP1KC,32.247093,48.400509,1
ID_7VG3PXFS02IU,34.26039589,70.32613052,0
ID_F2UF7Y1ZG9AI,32.102734,48.220486,0
ID_DJBGTT56FHQO,32.326774,48.290196,1
ID_1L2IDTM3PWLE,14.431435,33.318873,1
ID_61NBEWM81WKS,32.122138,48.21851,0
ID_8JVYTVXMTLOY,14.131757,33.25662,0
ID_L3FCY9FLL7UF,14.504827,33.590524,0
ID_SLUY55H6RBZZ,34.10043777,70.69671309,0
ID_7E5U23Y4RRR5,14.308546,33.568785,1
ID_QVFPH6UZNR5Q,34.08827172,70.66563535,0
ID_TB6A3L5OP35C,14.125828,33.360375,0
ID_V8DM87TQL4EC,14.377446,33.213501,1
ID_FYMC4NTREXUJ,34.08781642,70.66196827,0
ID_0Y9B08IT8GC4,14.445539,33.117651,0
ID_J8E18K16JZKX,32.215383,48.409492,1
ID_CMDWQMRHYCMG,32.273953,48.419733,1
ID_LDA24UIZGIR5,32.277726,48.23459,1
ID_HFPTTZTE3OGP,32.201908,48.313821,1
ID_V7UVYAZ7T4R2,14.323637,33.394422,1
ID_H0DYP9CWYY7F,14.446078,33.11801,0
ID_19201E7804JV,32.228229,48.183835,0
ID_VXOZE3A9QFAJ,34.07865862,70.69594725,0
ID_TV2NU4GJFFFM,32.083061,48.489262,0
ID_USNUAPRGIGD7,14.307378,33.592051,1
ID_H0U4MQ7F0ASS,32.306292,48.231446,1
ID_WP7HFRPCG8CT,32.257424,48.147992,0
ID_W0E199C4KRRD,14.435298,33.22437,1
ID_6DSBWW18KX0K,34.28655719,70.33148399,0
ID_CWASKRT2T2ZF,14.424967,33.375647,1
ID_V6JR64WRUN2Q,32.08872,48.500941,0
ID_3B9RTQ7GH8P4,32.215203,48.336728,1
ID_MWIKJ8AA4CXH,14.478776,33.178197,1
ID_QFLPDPI5X3MY,32.095188,48.487645,0
ID_AGUIC91U9950,32.270988,48.32523,0
ID_46ZXJKMEROXH,34.24684515,70.31812906,1
ID_07YIV2MFLU0W,32.281229,48.483603,1
ID_6FP2ZN7ORO3O,34.09115361,70.69572359,0
ID_OOO2GTH1KB0X,34.11833033,70.75773264,1
ID_AN8HP0AR4IVZ,32.191308,48.176739,1
ID_6U9MY0ASQUWB,14.12484,33.435654,1
ID_P081JCA3JKBR,14.281327,33.326419,1
ID_VXTCXFC5EUII,34.1452918,70.75286085,0
ID_ZCOC1XS3VNT8,34.23945879,70.31413011,1
ID_XYNVY6OOQF99,14.449042,33.232545,1
ID_S0ZTWQDJIXE5,14.454432,33.564742,0
ID_U6V5M93TOLD3,14.425147,33.237486,1
ID_Y8W15G4YPDNK,14.132386,33.354716,0
ID_S15FASZ530NV,34.26585958,70.3412345,1
ID_DYGOKIB7361F,32.280061,48.426829,0
ID_V9QGJNU40IT6,32.252303,48.441742,1
ID_WV4Y5CLCTAQG,34.28485291,70.40123883,1
ID_X0QPUDIJI9XZ,14.515697,33.214938,0
ID_JZF8JDYQ5IVH,14.269559,33.279527,1
ID_3GO143NHR60Y,14.29004,33.226706,1
ID_LH4M704H2JP5,32.334769,48.263426,1
ID_Q039XZMWTLLN,34.25189983,70.31931124,1
ID_1XJO8AD6OGJH,32.117377,48.305018,1
ID_PH0AW4AKR5V5,34.24033472,70.31057213,0
ID_3XW2HNOYXAQR,14.437544,33.226886,1
ID_ZM1B4NEGKIUG,34.0967067,70.75666236,0
ID_B48YRHLK3PN2,32.436907,48.301425,0
ID_XET8K8AQW53C,34.27545538,70.33686483,0
ID_QG41GDB5E9FS,14.204431,33.21952,1
ID_DC2OH80ODACD,34.1436344,70.75657142,1
ID_3B6XBYOCLBL1,34.26219107,70.33583929,1
ID_B0CJXMO11UO3,32.346716,48.294418,1
ID_NPOVYKZ1N4TH,34.30392685,70.42319188,1
ID_IWL1OXLW168R,32.340877,48.151406,0
ID_TUGUMS0PXOWB,14.349688,33.255362,1
ID_EJ286YZM1V6O,14.142267,33.323005,1
ID_N9S9JU7VVP7O,34.25991024,70.36064753,0
ID_HFG1W6SMN2WJ,14.483986,33.510304,0
ID_WZD5XQYGSQTV,32.46763,48.224349,0
ID_1KG93CLVR7GF,34.28244749,70.34010697,1
ID_90JBS9VNZ6FK,32.273953,48.421979,1
ID_WC4YTI5VJ99U,14.199849,33.392355,0
ID_Y6GBBIBIR5OP,32.403849,48.276092,1
ID_UW3OFVW9SWCS,14.181524,33.531684,1
ID_FZXXLYIN599X,32.106417,48.492586,1
ID_EP9DO700AJMA,34.304079,70.40108156,0
ID_D7H1G66BWLYE,34.25149981,70.316454,1
ID_TTNE1JCO97BU,34.24440531,70.32328183,1
ID_SPBUGXBS7ZHC,14.396401,33.253835,1
ID_6J391SE9DZ74,32.261556,48.167037,0
ID_FJXOGJXNQOUE,14.399096,33.222304,1
ID_KEFZXI71FIEF,34.13171976,70.74063794,0
ID_RREZ3XT9684C,34.28766657,70.34536265,0
ID_OZ9YHY1URAR1,14.501683,33.38445,1
ID_6CZNDR7QYAI4,32.317342,48.132541,0
ID_BH31SCLK7LOJ,14.46081,33.12852,0
ID_THVZCKU0B418,32.282307,48.207551,1
ID_KJQXEA9OGQLV,32.075425,48.216624,0
ID_0EHLZYYMQ7GC,32.228678,48.167935,0
ID_G9ORWORSOUEI,32.116568,48.139997,0
ID_0KZSM8DIS96N,14.493958,33.358938,0
ID_O43Z0PC0DQ7F,14.469254,33.597441,1
ID_GIJ5OFONAW9L,34.29833329,70.42277352,0
ID_AE4XWI35A5T9,32.437267,48.293609,0
ID_5S85W1F68WD6,14.429459,33.420293,1
ID_JYGPGZVJGMKN,32.260029,48.39997,1
ID_VWI8PZPOCHR7,34.10334559,70.698514,0
ID_PQBF4FUJTYNR,32.268114,48.383441,0
ID_03QDWT3O0285,32.369534,48.338076,1
ID_GASLS22DTQVM,34.2552068,70.32341954,1
ID_X71O1YT9NCCE,14.328578,33.580463,1
ID_85B4MACWYFI8,34.28606546,70.34927337,0
ID_P87ZMH5HGBQZ,14.329476,33.557556,0
ID_4YQIA4XJQ362,32.106327,48.223271,0
ID_1EZY3J1J6K7Z,32.346447,48.149969,0
ID_DZ9E8I7KVTBS,14.426764,33.207123,1
ID_4YCTD63SKOFH,34.08074805,70.70493269,0
ID_APT7TF7CAXKI,32.432326,48.161647,0
ID_04BNRE0CH6LX,32.435111,48.167666,0
ID_PV42FZ758NCZ,34.09440642,70.69130387,1
ID_WYEL6FIIGIKO,14.5033,33.413556,1
ID_HB7OVXJ1M3BZ,32.266677,48.399072,1
ID_1PA7YNFD8HVG,34.24578909,70.31966074,0
ID_J2VN582T4CLU,32.235505,48.136763,0
ID_0YCR89AUZH4L,34.08094044,70.69287505,0
ID_EN8R747VRVP1,32.294704,48.38928,1
ID_4RZOMICAWNNW,32.237032,48.45872,1
ID_9JC9KD01INGV,14.26354,33.250511,1
ID_B3IOO12YSATL,34.28131254,70.40328543,1
ID_IYMI33N8Y6TK,34.12121405,70.69519121,0
ID_JAM2E9F01SAE,32.246195,48.174852,0
ID_T2OB06WZ3ETL,34.24958156,70.31626609,1
ID_7E58KLULLUZW,32.234247,48.503186,1
ID_SCU4QSJQKFD5,14.169756,33.399811,0
ID_22TD8WUPAYX2,14.374212,33.50707,0
ID_MLMOQZTFS9P7,32.255627,48.411109,1
ID_HP7UWRHCSY8X,32.362976,48.248963,1
ID_361AEA5ECXQO,32.134265,48.277529,1
ID_RQYV03ZBXMHJ,34.30241818,70.40708979,1
ID_OEVLIJLMMB23,32.379954,48.398892,0
ID_E90BQI387WNG,34.2949046,70.40930376,0
ID_OQ0YD2HV19IY,32.250687,48.382453,1
ID_UY65FYJ47JF4,34.29042973,70.40409015,1
ID_J5TCS8OYE8WL,14.229224,33.428288,0
ID_IJFAU7MX97FN,14.390831,33.267759,1
ID_ZMVF7NPG6MA3,32.432955,48.161467,0
ID_GO3KFN2EVP8N,34.28486437,70.37251556,0
ID_NR9OFBKYKD1I,14.412481,33.168136,0
ID_4UJSIV64LUCK,14.330824,33.557825,0
ID_81UL24DOLETJ,32.151513,48.389819,0
ID_UWUHQ77WMSGE,34.30730164,70.41277834,0
ID_9ZZ37RZ38NBR,14.291927,33.572917,0
ID_XYCITS3H762L,34.30367618,70.40509654,1
ID_H24XI1SSTEV2,34.28620796,70.33984125,1
ID_QCW9D4T11EOC,32.405556,48.499144,1
ID_BIJNYFMX4QH7,14.271984,33.286803,1
ID_X4Y7OMF3MXBP,34.2888197,70.36841226,1
ID_NRKNRGRJSPKV,34.30439667,70.41346762,0
ID_IV5MUQHNINQA,34.30525769,70.37235744,1
ID_20V6AOZERB0Y,14.42892,33.316448,1
ID_NOUB7DPHJWJ9,34.08299518,70.69157514,0
ID_QI97BXXP8LR0,34.29251315,70.4188235,0
ID_PQ2UVUZV7Q0Y,32.355071,48.273128,1
ID_LJ9NSG4H9SO2,34.25954822,70.32174625,1
ID_XEPV0PN4MQKN,32.10489,48.218151,0
ID_TEXH5XPN90UZ,14.467547,33.21916,1
ID_QENCZF5H29Y1,14.393616,33.537254,0
ID_OADA1T8T45Z5,34.268653,70.34800566,0
ID_FTMFIO1YN55F,32.308089,48.235578,1
ID_9K2MU2CHTBAM,32.101476,48.596611,0
ID_A66ECSRPR6AC,14.565194,33.469341,0
ID_520WM94N0L39,32.247453,48.419823,1
ID_4UZHSSTT0OSO,14.199221,33.425952,0
ID_EFM1FSWMJ0TZ,32.255807,48.480639,1
ID_T8KM1LFSOXET,32.316803,48.343556,0
ID_BJAS4W4PP9RG,32.267216,48.255521,1
ID_MOF5FWXQJSJC,14.409875,33.21916,0
ID_YB27K1SI971N,32.367198,48.258755,1
ID_NISGM26AZ4M6,14.387777,33.216555,1
ID_YFQAG194QZVB,34.30929044,70.36840248,0
ID_A5QZG0MSVNAF,34.26660058,70.3391134,0
ID_F08NV2UJI60Y,32.290392,48.195513,1
ID_F2OJ3MC4PV4H,14.301718,33.241528,1
ID_CVFAGDQ6QADT,32.115221,48.326488,1
ID_5S8Z17JHZLRK,34.14301193,70.74752292,1
ID_CC4LLUDYY73W,32.31797,48.230727,1
ID_RAH0B3IRH8ME,32.326145,48.313911,0
ID_EJ315KRK6NXM,34.09201583,70.74973485,0
ID_QT366BP5N4JA,14.270906,33.521264,1
ID_Z5C6R53YNWY9,14.201376,33.273329,1
ID_ELTKZJI4CB1F,32.309796,48.215905,1
ID_DFKG846309SD,32.234427,48.445245,1
ID_22XFYD2J8HB6,32.223018,48.301335,1
ID_MG4VJHC1EBM3,34.07794681,70.70552781,1
ID_ZFRFU0RKXHUX,34.25244077,70.3389708,1
ID_SWSPFMVKDQTW,32.383098,48.295136,1
ID_FONQUINQ5BAM,34.28385825,70.38233505,0
ID_FW5FYKRPME24,14.39146,33.26749,1
ID_R7Q2EI87CI2Q,14.333609,33.540847,0
ID_KSO5G7NNLH34,34.23812961,70.31179929,1
ID_2DSO2DUIJVKX,14.287615,33.325072,1
ID_MWVQKGQYAIWD,32.419121,48.294238,1
ID_A038RTDCWHJ9,32.138307,48.300706,1
ID_7O1SFF84N7I0,34.25925461,70.3658257,1
ID_L7JPBP7LOWCR,14.350227,33.565371,0
ID_0H8FVSM8JFIF,32.091236,48.130026,0
ID_QLEBSXLYHWD1,34.27412489,70.33708543,0
ID_HE70XXJDBQTS,32.216371,48.187698,0
ID_VR41NFAN6HUW,32.32866,48.412097,1
ID_KD3I1OQNN5JR,32.159867,48.31984,1
ID_CCPIO5CN7U3E,34.30573171,70.41630948,1
ID_01MH7OHC15AN,34.26655971,70.33675162,1
ID_HNRS9GDMI4DT,32.279433,48.233782,1
ID_AZPM2NOYXA3V,14.406642,33.369628,0
ID_Q4Y79W2AUC6J,34.2657326,70.36394265,1
ID_MCXT23D81EN2,14.452096,33.147385,0
ID_2H3QZ6PMQDEI,14.260306,33.306027,0
ID_QTZCTK5WSFQF,32.178642,48.404012,1
ID_M7E264DYIP22,34.27938097,70.33846564,1
ID_WXHLVPJFVTIJ,14.533753,33.222484,0
ID_6PVJK3GKY02X,32.147021,48.405899,0
ID_GIBCKFDUM83Z,14.261564,33.308812,0
ID_50415U9PFKAI,32.16373,48.43186,1
ID_5ELQREHCTOKI,32.114143,48.59733,0
ID_GYP2IJZXAXRK,34.24741423,70.30358005,0
ID_CCRGJUXW0YQB,32.105609,48.22408,0
ID_HHFL535Z82AA,34.11012837,70.7022327,1
ID_PN0EPOTPCRLE,34.25866903,70.34088348,1
ID_DMJA9GZDLRYX,32.227869,48.167935,0
ID_5S5FHDZQQHV5,34.25533229,70.3105521,0
ID_JR8874G9ZUES,34.26568386,70.33051637,1
ID_TRQ2F7U4HHLT,34.27646159,70.33601853,1
ID_A0F3XMVAC6ZF,14.372146,33.277461,1
ID_YXYEELRZSYD5,32.080815,48.496808,0
ID_M6NT8LSZ0120,34.29643452,70.37350249,1
ID_G8CABAZ61ACV,14.499438,33.327767,1
ID_LSQEQ3A74QYK,14.421554,33.500602,0
ID_PL2T9713QKV5,32.288955,48.569662,1
ID_PXI8U9YB44EQ,32.410407,48.343466,0
ID_EDI5IVIJY4QS,32.125461,48.220397,0
ID_KBDGFP8MKLVM,34.12562306,70.68805715,1
ID_4GQ8JAQ01TGL,14.426854,33.209458,0
ID_OY0UJZD0BQEO,14.286627,33.351572,0
ID_8D5BIMNI4R65,14.286716,33.201823,1
ID_IXE826ZQ4K6J,32.199752,48.410031,1
ID_46UMHKY3BG59,14.248808,33.332528,0
ID_07TE59NRCTBV,32.237841,48.158503,0
ID_7ZZCM8D04TP8,34.11763149,70.68127499,0
ID_WXV2996SCM9W,32.388398,48.339783,1
ID_0TRB94FAP2E6,32.293806,48.21842,1
ID_L981DGI8400S,34.24625968,70.31155736,0
ID_2WAN47I5WQ0P,34.28944207,70.34984107,0
ID_5I87TK978M5Z,14.174158,33.489733,1
ID_93UW9MZL7MEH,14.305401,33.569593,1
ID_PK08Y9L3MOW7,32.295333,48.392514,1
ID_354H8436E90F,14.352653,33.236677,1
ID_XGS3XAIIATYL,14.430357,33.252847,1
ID_KXLCJWLOXHE0,34.24997542,70.34991713,0
ID_BXSBN5ETQHFX,14.142806,33.232725,0
ID_5A0JOVYJZAKT,34.12991578,70.7370495,1
ID_W7EO2GVZ0RT1,32.449753,48.301335,0
ID_I8MF67F9ZYG7,32.267216,48.255161,1
ID_0WMK63H88457,34.29924151,70.42139123,1
ID_P9NR12ZZASCH,32.332613,48.289747,1
ID_RVOQ3EVGT58Y,34.30105951,70.4037426,0
ID_JZVBSEXW5FDE,32.29138,48.145297,1
ID_V0Y1KOE5MNVY,34.28460069,70.34469455,0
ID_IUF7VTN3AV5Y,14.271535,33.338816,1
ID_GK04PUMHJT18,14.463505,33.3204,0
ID_9DDRJ28SCN8I,34.28223837,70.34937022,1
ID_ZZZOKHJYLLVR,14.458654,33.573546,0
ID_AX97SAG2F6XL,32.247812,48.172427,0
ID_FNR6KP30SSHQ,34.1202937,70.75627206,0
ID_DJBWQ4GFXQRA,34.05435658,70.66970533,0
ID_N60AFC1QQR31,34.30574085,70.40527078,0
ID_JYC7FN1S06UX,14.53007,33.449668,0
ID_JWN61IK2FGGN,32.450023,48.252826,0
ID_W5CMM6P4RXDV,34.096775,70.69216198,1
ID_5BB4POAVJMVV,32.383637,48.216175,1
ID_3VEVWPBKETKW,32.310245,48.150328,1
ID_0W20F5KIA6LC,14.371697,33.293002,1
ID_PE4B20QK0ZDP,34.30124345,70.37382579,1
ID_GOEVJ3FU7HE9,14.346185,33.224281,1
ID_3SLENE6TW4FJ,32.366749,48.259473,1
ID_YWRGLJ68L1GC,14.443832,33.300458,1
ID_CDT7TNCFVIG0,14.244675,33.280425,1
ID_VZ2151PAPTKQ,14.136428,33.311597,0
ID_2VXU4NBD5TWX,34.25716891,70.34353523,0
ID_8EBFZ5WAZWH4,34.29131609,70.37576594,1
ID_OLRSLDAW2TZM,32.141721,48.120773,0
ID_P2V0WU813Q1C,14.328758,33.557825,0
ID_ZIXICECICA9A,14.349688,33.255991,1
ID_G5JNGDA7O1X9,34.09853641,70.69411261,0
ID_4LAOA77RLWOV,32.087732,48.226236,0
ID_R3TQYVWYMRGQ,14.121067,33.481289,1
ID_QWVEEH2IWQFD,14.169756,33.401339,0
ID_H9FHLS4F3BDR,34.25840361,70.33316973,0
ID_SQ16V9FN8K3J,34.09529551,70.68986869,0
ID_FM8QZGYUAI4W,14.403587,33.530157,0
ID_VHUD37O4H0AH,34.07773888,70.69737133,0
ID_Y7RGGURS18JG,34.26151147,70.33307128,1
ID_N6PKYE2UXGF1,14.4503,33.529169,0
ID_3O4KP6RFTLX3,14.191585,33.391637,0
ID_MTMJ9Q1LWQS9,14.395502,33.21377,1
ID_OCP63SCASDU0,34.28329143,70.39827916,1
ID_L892K8VY38ZL,14.169935,33.216016,1
ID_G6WC2LOOJGGS,14.468446,33.556208,1
ID_KE9DNIXTT08S,32.255358,48.308252,1
ID_OCV25TDPFPMR,32.118005,48.131643,0
ID_PIPQGIXYECVQ,14.163468,33.383821,0
ID_NCEIZBTWQCSW,32.439962,48.28274,0
ID_BECFFWXO88UX,14.323188,33.258327,0
ID_PN82JVHEA463,34.28576879,70.35203122,0
ID_B3QWQNRX36PI,14.190237,33.392266,0
ID_K6EN56EVULXA,34.29998779,70.37450279,1
ID_VXLGHFTZVGGP,34.30631549,70.40148393,1
ID_G4R39U7AH5KC,14.357414,33.265962,0
ID_XK4CW2U9RW6L,14.399006,33.21934,1
ID_UYXD1W3SZMFL,34.28855396,70.41932122,1
ID_48FJ3ZQDB723,34.29722264,70.40798036,1
ID_EEJCD0N1H5YI,34.12677047,70.68859448,1
ID_M8B7NK4TICXO,14.446527,33.118818,0
ID_WH11UNWTCRDP,14.454971,33.352111,1
ID_TYQ1RBWLIYXU,32.245027,48.449377,0
ID_XR4AN0C7MGCG,14.435298,33.242427,0
ID_RTGK5TKV9EXS,14.505546,33.337648,1
ID_Z3R5DKYS8NM7,32.240086,48.324961,1
ID_CGO5IEPIBIU4,34.26860635,70.34605236,1
ID_XN5C0B9TYSN8,34.29490824,70.42481443,0
ID_1KY0SWDI6PIV,34.30223492,70.37214306,0
ID_6FWVUB5G1DE4,14.439969,33.364328,1
ID_Y5AQZUQG6544,32.123844,48.226415,0
ID_YUUM4K2V0XMB,32.189781,48.16012,1
ID_HW0DS3OVVA2Y,34.31325318,70.38869315,1
ID_FBEOSIBKNWAX,34.09452143,70.69565599,0
ID_CUMFBW424MTO,32.098871,48.215725,0
ID_80DDZWSTUGVR,34.30954976,70.39995192,1
ID_BKEO0A9HLWY9,14.495934,33.389301,1
ID_K16LMXISDLV9,34.11500136,70.76013447,0
ID_VWWY1209BO7R,14.446976,33.176311,1
ID_TL37D7NK713F,32.267395,48.381195,0
ID_K679YMRG0NEG,32.110819,48.301604,1
ID_EXSLNGNWV2KP,32.202537,48.277889,0
ID_XIB8IZEE2U2N,14.483358,33.26174,0
ID_GVODMSNR262R,34.30780915,70.36794058,1
ID_5TZUXNOPF6CI,14.469793,33.440864,0
ID_K9JAUL18F2MM,14.232189,33.290756,1
ID_FGA5ER04A347,32.198405,48.193268,0
ID_MSAFKA3Y9N54,32.453975,48.24016,0
ID_0A8LSLG2H2XH,14.298844,33.333426,1
ID_ZXCH3LDBSOT8,14.165354,33.364867,0
ID_AWAIF83GACDA,14.47698,33.300278,1
ID_TFWSDTJA0KGG,14.355707,33.314202,0
ID_9XEBJCBRRQHB,34.11878687,70.68671499,1
ID_77K4R6C3BZ72,34.29666487,70.41118035,0
ID_Y79OAU7NUPY9,14.323278,33.396757,1
ID_PHMAKK7V3OY8,34.13106024,70.7195626,1
ID_AKUOJICFLAJK,34.28914312,70.39431405,1
ID_RO1YUXZIFYR9,34.25045811,70.35377734,0
ID_38XVWH10RVS8,32.137589,48.399072,0
ID_XTTKWT4TT1MM,32.125372,48.309869,1
ID_XAQYEV2ZN5RH,34.30708486,70.41515569,0
ID_88M45GRIYHEW,14.230482,33.24602,1
ID_PLG7QDSYU8HA,34.26095207,70.34399796,1
ID_1MX7EP89RDEM,32.324798,48.14422,1
ID_7QUXKLVZHX3J,32.340069,48.244831,1
ID_I0KWH4KQS4R8,34.28725142,70.34846415,1
ID_AW3JY6KO0R6S,14.361277,33.21404,0
ID_30HHJ4M6THI3,14.345915,33.189426,0
ID_2G9AXQ4KEX4F,32.218167,48.104244,0
ID_WMSV7LTBF9O0,14.357953,33.378791,1
ID_RQOG9MUJJH71,34.09088828,70.69100691,1
ID_Q1OPVNQA6SNH,14.217905,33.445626,0
ID_WGYUXOJ5M8NA,32.207118,48.194705,0
ID_P44IENYPZIU2,32.100488,48.595803,0
ID_XWKXFUFU8PYF,34.26537883,70.35150556,0
ID_OYX6JXASGD4X,32.2806,48.433926,1
ID_LBZ54E55XMTL,34.15745063,70.75990976,0
ID_7DIM0GS108XZ,34.23553311,70.30124238,0
ID_VZ0Z0WWJVFE2,34.28841442,70.40994779,1
ID_3N0M59Q60OSU,34.08259835,70.69018765,1
ID_SL0YNLJYFZ6I,14.223565,33.249074,1
ID_RBS96SG4LPVZ,14.443293,33.24602,0
ID_7JD2CC9EPCO2,14.405653,33.419485,0
ID_GR53GGR5ACIG,32.330187,48.163713,0
ID_CM2XBFBW513G,14.326961,33.264256,0
ID_ASZ7T99DV8EV,34.13131784,70.74230659,1
ID_BYVTGPQANTR3,34.24043143,70.30520355,1
ID_0H6FNFV95OG2,34.11392894,70.75341134,0
ID_ZKJACEXFLSSJ,34.29820059,70.40089778,1
ID_6Z0H0O14RFUT,14.365678,33.258147,1
ID_Z0YWTXMXK6DS,32.230474,48.159221,0
ID_M3W9HCDUGV04,32.433404,48.581699,0
ID_P9D9X8L8TQBW,14.470871,33.237845,1
ID_9YEI06GPY8EK,34.2921241,70.38355321,1
ID_OWCX33SOQDDC,14.248628,33.255362,1
ID_GSM0MUMBVXEC,32.194272,48.396377,1
ID_R5DFJVS5RWNU,14.266864,33.249433,1
ID_6JY2YSDBIXSS,34.29140534,70.42471675,0
ID_FT00M9Q97VLR,34.26557255,70.34828835,1
ID_KB9LJPNZE7PM,32.325875,48.159221,0
ID_JBBJCIFZD8XR,32.112615,48.218241,0
ID_U3TNSMNOIIJ3,34.13081776,70.71673151,0
ID_B8ITM4MJEZ9A,34.28789505,70.37867828,0
ID_N2N7919E4372,34.29412337,70.42293973,0
ID_88AF5E4JIHUP,34.06519433,70.67074112,0
ID_72RJ4JQFNOSZ,14.312768,33.312136,1
ID_BGVTISGHQVMU,34.2804868,70.34633903,0
ID_2P25AAS24IJ1,34.23677564,70.30152379,1
ID_KM39ZSIZCC5A,14.112084,33.34735,0
ID_PTE432QB0M72,34.13135841,70.74344191,1
ID_1TTDFNSEOE10,32.217359,48.169911,0
ID_HGUM2HZNGKNR,32.376091,48.244921,1
ID_KQW4OQREL5MB,32.204154,48.139548,1
ID_9ETDUXOKCI58,32.118724,48.518817,1
ID_IL47BBO31RX2,14.448593,33.282671,0
ID_QWY0QGRZ67CB,14.516416,33.589266,0
ID_DYZRIN2H5KAG,34.28674469,70.434284,1
ID_6QRLTRGVEUQX,32.424511,48.385237,0
ID_KW17PW9J5TAB,34.07587801,70.69784112,0
ID_2KTYDGD6P5BW,34.10534786,70.68949898,0
ID_Q2HH42H3U6N7,32.123665,48.148262,0
ID_UOGH9C612Z0U,14.413199,33.225089,1
ID_W6S4KLKCU0TA,32.098063,48.113048,0
ID_HAOZJ6C5FNB6,34.1676975,70.77255364,1
ID_ERWLWK9D5678,34.11664187,70.75818563,1
ID_RF2KUUV2X31J,14.379153,33.538781,0
ID_57TG5FV75VUM,14.35427,33.226976,1
ID_5B4D4G7697PZ,14.423171,33.332617,1
ID_K18M1IG525AC,32.079827,48.506151,0
ID_SOIK1F4C3W8K,14.325164,33.273868,0
ID_7XWP45CCFM39,34.05861683,70.6693716,0
ID_FMZFUNQQ17E0,32.292817,48.159581,0
ID_9NBQ5BX9FLUX,32.330996,48.254353,1
ID_UW0OKH3LYHP9,32.092134,48.493664,0
ID_NSWIIHXXCUPA,32.255358,48.29307,1
ID_F70QZPB0BDGG,34.24883027,70.34964801,0
ID_K0PO08R86C43,14.371517,33.483175,0
ID_M3OODBIO8NM9,32.437536,48.419553,1
ID_HB1MVPZQDWOK,32.385344,48.402305,0
ID_W8VGMULZUJ40,14.339448,33.252847,0
ID_18LR940OWEOE,34.28159194,70.33061916,0
ID_9D0O9C6O17P5,14.126098,33.458112,1
ID_OECBKVWB6DBY,32.227779,48.182488,0
ID_V54GHAAH3JIE,14.464134,33.285725,1
ID_32QO65X3J39P,14.427752,33.279527,0
ID_5OCKUZG9JJ7A,32.381391,48.218959,1
ID_0IQVWOWU2T2M,32.415527,48.126792,0
ID_P5SA9PQ2VJG3,14.169217,33.341511,0
ID_5NQKJ9WR1RS2,34.08228167,70.68585676,0
ID_50ASZZLX75Q8,32.28599,48.222373,1
ID_XLOJ4MKDV5U1,14.16194,33.372952,0
ID_YZV56L1E2V72,14.437544,33.380048,1
ID_T81YJWHHERE7,32.093212,48.232614,0
ID_X14YVY66RVMC,14.37538,33.520725,0
ID_KV18RX3IAM3V,14.260216,33.333875,1
ID_8Z417MM6OH2F,14.444101,33.117112,0
ID_9XACA2VNFYJT,34.28478525,70.38409709,0
ID_MZVTX9OE1WHE,14.16203,33.370706,0
ID_ZU8UD16AKUZM,34.1432088,70.74402995,1
ID_NL45FU2O5IGC,32.325696,48.2504,1
ID_BFHXFFW2KNCX,32.11558,48.529148,1
ID_362P1BC60KRV,32.073898,48.214198,0
ID_VNZIZXE9P3WL,32.096625,48.270702,1
ID_ECYLZQASSM7S,14.423081,33.359118,1
ID_UK37JE58V30T,34.28193402,70.33782315,0
ID_4CGTRRHGF8UO,32.345099,48.265043,1
ID_T8WG9TAQHY88,34.1154205,70.6861763,0
ID_RS495JE5IBQ7,34.12679541,70.74065018,0
ID_L3ZXW75QJY8B,34.28757449,70.37347174,0
ID_7AYVQQ1PIBEB,34.28169647,70.41175873,1
ID_VPUH0OFSQBRY,32.396663,48.292442,1
ID_L2F30CJAPDW4,34.29133978,70.43118706,0
ID_67HOR4JXE8B5,14.530968,33.449937,0
ID_TRWWDZWIJ189,14.251413,33.244852,1
ID_7CUAJ6SSRG1L,34.25124802,70.3250837,1
ID_R6BEGSQKNSDE,32.272695,48.555828,1
ID_V1IWIZG0N2K1,34.0837672,70.69794165,1
ID_SVGW9URHRJSD,34.28283726,70.40589907,1
ID_7NMSWGQ7IPDV,14.351395,33.241708,1
ID_N6CUMF563BT5,14.377985,33.523869,0
ID_8L30V03QKRTT,14.429908,33.419574,1
ID_CJCDQIRDJ6VR,32.245925,48.164072,0
ID_XIKCCVT84CTT,32.199483,48.188237,0
ID_99LCIKEFYLHP,34.28516441,70.34342281,0
ID_R5I88VKWM9JF,14.44994,33.146576,0
ID_T0UVAS6BDB8T,34.27553552,70.33853211,1
ID_J6GRI6PB76S2,14.280428,33.278808,1
ID_FWJOERR1I1IU,34.29936817,70.41983757,1
ID_UIZ65N2T7KHE,34.30361723,70.42551498,1
ID_XCX7XVNESQS0,32.202357,48.283099,0
ID_AQ7FQ5ZSGF4V,32.297668,48.584304,0
ID_N65Y886DLWCZ,32.386961,48.529507,1
ID_QXJ651XJ9T8Z,32.10489,48.413894,0
ID_FJCLACYTAH6V,32.333691,48.158772,0
ID_7286CFL12KEZ,32.209993,48.44255,1
ID_JAMX9ROBBFNM,14.561242,33.46449,0
ID_1V5DA41TQHO7,32.201998,48.341669,1
ID_Z63FH1TNJUE3,32.357676,48.269085,1
ID_GOC5SSK9FRK2,34.24836078,70.35583442,1
ID_2KJSFORYZGCL,34.31072195,70.38436696,0
ID_RL7W66TMSFTA,14.350856,33.186551,0
ID_CTI553BE5AMB,14.346993,33.38975,1
ID_IE5ZXMH6VPCR,14.410235,33.182689,1
ID_G22ZJZG27PJD,14.451378,33.145409,0
ID_73L2PGRCDQAZ,14.267403,33.434756,0
ID_18DOSENCGPQM,34.28657109,70.39413314,1
ID_Z84C1J0TUV72,34.29707896,70.39840352,1
ID_5V3VL9Y8JJL6,34.28846121,70.35090171,0
ID_FQ5W4KKOMMR6,32.362078,48.258036,1
ID_F0TF3PTRB519,14.260126,33.306566,0
ID_O0B59UUWRBSE,14.441855,33.224281,1
ID_0FJ6IFJZX8KF,34.3034142,70.38485061,1
ID_SGNYIUQJ7FTJ,14.415804,33.16571,0
ID_D4G2IJ8NUA89,34.30064177,70.37924097,1
ID_AMGQMBJH9J3P,14.440957,33.199487,1
ID_FJE9A56XIJK8,14.342861,33.280066,0
ID_225LVWSZW84F,14.39667,33.225808,0
ID_OQA0EE8W0968,32.119712,48.138291,0
ID_0A5OTDK51WVN,34.28434548,70.33253432,0
ID_GU5UYOX9U3QC,32.39792,48.318762,0
ID_H3YLMHBNFQEA,34.28224292,70.35411564,1
ID_93PLXGRD2JGI,14.255635,33.281863,1
ID_BCB7PS0XHFH8,14.252311,33.227245,1
ID_MEFR71VSELJ1,32.141272,48.31436,1
ID_W21ZVHA2K70A,14.283213,33.218442,1
ID_5Y6HGSRUFCAF,14.436106,33.491619,0
ID_GQ6TQURTVVID,14.164456,33.365945,0
ID_09C8H2C2X5G4,32.32857,48.561038,0
ID_C0649VM5M470,32.076863,48.486388,0
ID_DDA69GI9ZA7X,34.30974432,70.38387406,0
ID_WM817OXLJ2US,32.320216,48.132541,0
ID_Y87BIM2YO4XI,14.460091,33.201733,1
ID_W46F2B2MHMI0,34.28994706,70.33605886,1
ID_0PMUPHOLOGAD,14.401431,33.508418,0
ID_8G4QFT46FN6B,14.409157,33.369808,0
ID_VHFPX8RI14MB,34.29353948,70.41096629,0
ID_E7NRE7KYJSYG,14.514619,33.547944,0
ID_HF7RUGDKWM4H,34.23622298,70.31320052,0
ID_Y1SCK7Q9PMQ9,34.07542016,70.70855808,1
ID_RZT2LG5XUKPT,14.297676,33.332887,1
ID_6BKX812TM633,34.1188121,70.68281708,1
ID_OJB81QF7T0BJ,14.195807,33.383462,0
ID_69KCU4K9W6Q3,32.231822,48.168564,0
ID_D0298HX6VZQO,32.096805,48.236207,0
ID_LODST8KEVHK5,34.16140978,70.75681113,0
ID_VD5FLFXSF3V4,34.25413235,70.34210586,0
ID_T3WAJGS3B84X,34.29270196,70.40457807,0
ID_Q31SWRW623Y8,32.105698,48.294867,1
ID_O2KBC7HPNOAQ,32.235685,48.185542,0
ID_8VNTHGHLSUNI,14.329207,33.253206,0
ID_C5ACHNL98VTX,14.179817,33.179275,0
